hidden_layers,neurons_per_layer,trainable_params,test_loss,test_loss_seed1,test_loss_seed2,test_loss_seed3,test_loss_seed4,test_loss_seed5,training_time_seconds,avg_test_loss
1,2,15,0.1945235282182693,0.1945235282182693,0.1312572509050369,0.1744868457317352,0.1966016292572021,0.1570480316877365,12.74933385848999,0.170783457159996
1,3,25,0.0961756408214569,0.0961756408214569,0.1384089738130569,0.115466371178627,0.1512737870216369,0.1383288651704788,16.24220895767212,0.12793072760105131
1,4,37,0.1015795022249221,0.1015795022249221,0.0824343413114547,0.1265949308872223,0.0755519494414329,0.0595806837081909,22.415210008621216,0.08914828151464457
1,5,51,0.0573967583477497,0.0573967583477497,0.0703846588730812,0.0438070371747016,0.0542337894439697,0.0438679605722427,25.09659004211425,0.05393804088234898
1,6,67,0.0637032389640808,0.0469728149473667,0.0522639267146587,0.0522054582834243,0.0587646253407001,0.0501002557575702,24.731608867645264,0.052061416208743994
1,7,85,0.0271439924836158,0.0271439924836158,0.0443016849458217,0.0519099719822406,0.0522883795201778,0.0532967336475849,25.19524645805359,0.04578815251588816
1,8,105,0.0531697757542133,0.0531697757542133,0.0537209138274192,0.0324865952134132,0.0517373532056808,0.033684454858303,25.36194086074829,0.0449598185718059
1,9,127,0.032876681536436,0.032876681536436,0.0483463369309902,0.0207642614841461,0.0167368743568658,0.0538857616484165,24.72391152381897,0.03452198319137092
1,10,151,0.0247588921338319,0.0247588921338319,0.0396561957895755,0.0171724613755941,0.0457728803157806,0.030980784446001,25.02451729774475,0.03166824281215662
1,11,177,0.0492152124643325,0.0492152124643325,0.0486794076859951,0.0246452894061803,0.0129750100895762,0.0423411652445793,25.26921057701111,0.03557121697813268
1,12,205,0.0140939122065901,0.0140939122065901,0.0308529380708932,0.011406235396862,0.0317702256143093,0.0147129967808723,25.318169593811035,0.02056726161390538
1,13,235,0.0221043340861797,0.0221043340861797,0.0355343036353588,0.0395005196332931,0.0203145369887352,0.0296591762453317,25.08150887489319,0.0294225741177797
1,14,267,0.0299088712781667,0.0299088712781667,0.0335716716945171,0.0299157109111547,0.0329140946269035,0.0323935709893703,25.16243457794189,0.031740783900022454
1,15,301,0.0094217136502265,0.0094217136502265,0.0240024607628583,0.0236015170812606,0.0131867257878184,0.0416817106306552,24.85645747184753,0.0223788255825638
1,16,337,0.0077807088382542,0.0077807088382542,0.01119826734066,0.0131167192012071,0.0281036514788866,0.0329582914710044,24.34992456436157,0.018631527666002463
1,17,375,0.0083276797086,0.0083276797086,0.0402434095740318,0.0341343320906162,0.0405968613922596,0.011419853195548,25.05590867996216,0.02694442719221112
1,18,415,0.0269449222832918,0.0269449222832918,0.0218269601464271,0.0367089919745922,0.0077891200780868,0.0463244877755641,25.249268293380737,0.0279188964515924
1,19,457,0.0082822758704423,0.0082822758704423,0.0167078543454408,0.022080885246396,0.0138730527833104,0.011526589281857,25.35377025604248,0.0144941315054893
1,20,501,0.0109731806442141,0.0109731806442141,0.016888327896595,0.0141704762354493,0.0191727932542562,0.0114121539518237,25.161092042922974,0.01452338639646766
2,2,21,0.1493645310401916,0.1493645310401916,0.1743260473012924,0.1064984202384948,0.1840408146381378,0.1911533772945404,15.378154993057253,0.1610766381025314
2,3,37,0.087202176451683,0.087202176451683,0.0965987220406532,0.0966595336794853,0.0693163871765136,0.0685376748442649,22.69975614547729,0.08366289883852
2,4,57,0.0440583191812038,0.0440583191812038,0.0620012320578098,0.0411259941756725,0.0284102894365787,0.0779451578855514,29.434059619903564,0.050708198547363234
2,5,81,0.0194250252097845,0.0194250252097845,0.0258104056119918,0.049990314990282,0.0217781867831945,0.0466306172311306,28.915615558624268,0.03272690996527668
2,6,109,0.0181348007172346,0.0181348007172346,0.0084682200103998,0.032476682215929,0.0163437183946371,0.0253306403756141,28.87064266204834,0.02015081234276292
2,7,141,0.0075700660236179,0.0075700660236179,0.007515178527683,0.0188681632280349,0.012996332719922,0.0156066734343767,28.90125679969788,0.0125112827867269
2,8,177,0.0153177799656987,0.0153177799656987,0.0145576009526848,0.0156335178762674,0.0110460147261619,0.0103396456688642,28.922139883041385,0.0133789118379354
2,9,217,0.0083281984552741,0.0083281984552741,0.0130411889404058,0.0062341843731701,0.0078709470108151,0.0063524986617267,28.36874628067017,0.00836540348827836
2,10,261,0.0056100967340171,0.0056100967340171,0.0012655587634071,0.0100450627505779,0.0138456970453262,0.0053663915023207,29.045356512069706,0.007226561359129799
2,11,309,0.0032276608981192,0.0032276608981192,0.0094760339707136,0.0051779015921056,0.0146779622882604,0.0034613951575011,29.016199350357056,0.00720419078133998
2,12,361,0.0038364788051694,0.0038364788051694,0.0043190885335206,0.0071081011556088,0.0056203212589025,0.0097645465284585,29.18547344207764,0.006129707256331959
2,13,417,0.0077006071805953,0.0077006071805953,0.0050398651510477,0.002358459867537,0.004700600169599,0.0026139449328184,29.177488327026367,0.0044826954603194805
2,14,477,0.0036167260259389,0.0036167260259389,0.0019451761618256,0.0023090911563485,0.0045625627972185,0.0039918022230267,29.12825107574463,0.00328507167287164
2,15,541,0.0024423340801149,0.0024423340801149,0.0016369670629501,0.0037825321778655,0.0076096882112324,0.0027245713863521,28.88771772384644,0.0036392185837029996
2,16,609,0.0048141879960894,0.0048141879960894,0.002966123400256,0.0038735854905098,0.0018195423763245,0.0024704316165298,29.076071739196777,0.0031887741759418996
2,17,681,0.0054871561005711,0.0054871561005711,0.002218441106379,0.0076955785043537,0.0035649887286126,0.0031535394955426,28.921390533447266,0.0044239407870918
2,18,757,0.0076275113970041,0.0076275113970041,0.0057830903679132,0.0048473677597939,0.0011818322818726,0.0098959365859627,29.159961700439453,0.0058671476785093
2,19,837,0.0012153472052887,0.0012153472052887,0.0012789682950824,0.0022996992338448,0.0022232497576624,0.0012943895999342,29.07324314117432,0.0016623308183625
2,20,921,0.0020604103337973,0.0020604103337973,0.0037229703739285,0.0044839428737759,0.0028787986375391,0.0018543497426435,29.094610929489136,0.00300009439233686
3,2,27,0.1495030522346496,0.1495030522346496,0.1938889622688293,0.1304370164871215,0.1522082686424255,0.1684637814760208,21.975701093673703,0.15890021622180933
3,3,49,0.0547711104154586,0.0547711104154586,0.0730672031641006,0.0830044895410537,0.0597545616328716,0.0712205320596695,30.474316596984863,0.0683635793626308
3,4,77,0.0218734890222549,0.0218734890222549,0.0304375812411308,0.0294352397322654,0.0232474543154239,0.0227607190608978,31.74466180801392,0.025550896674394565
3,5,111,0.004867254756391,0.004867254756391,0.0156943444162607,0.0102509576827287,0.0121070016175508,0.0114376489073038,32.0999755859375,0.010871441476047
3,6,151,0.0089935939759016,0.0089935939759016,0.0038030941504985,0.0045370901934802,0.0058835837990045,0.007146097254008,32.141138553619385,0.00607269187457856
3,7,197,0.0032767420634627,0.0032767420634627,0.003288683714345,0.0043658930808305,0.0026747344527393,0.0153067149221897,31.32451844215393,0.00578255364671344
3,8,249,0.0014755887677893,0.0014755887677893,0.0025742133148014,0.0018114489503204,0.0036677941679954,0.0035025777760893,31.432138204574585,0.00260632459539916
3,9,307,0.0012603376526385,0.0012603376526385,0.0018627776298671,0.0019323966698721,0.0008860885864123,0.0040300148539245,31.803475379943848,0.0019943230785428997
3,10,371,0.0009884103201329,0.0009884103201329,0.0024077415000647,0.0053069838322699,0.000881286105141,0.0019055453594774,31.65545916557312,0.00229799342341718
3,11,441,0.0008729443652555,0.0008729443652555,0.0020820519421249,0.0006444817990995,0.0024605980142951,0.0005833107279613,31.789643049240112,0.00132867736974726
3,12,517,0.0008858634973876,0.0008858634973876,0.0009737613145262,0.0014749277615919,0.0008938377141021,0.0018065189942717,32.09972357749939,0.0012069818563758999
3,13,599,0.0012372884666547,0.0012372884666547,0.0005548587650991,0.0016506515676155,0.0011679481249302,0.0009987393859773,32.62096405029297,0.0011218972620553598
3,14,687,0.0006859138375148,0.0006859138375148,0.0005607719067484,0.0029982640407979,0.0007702955044806,0.0006487772916443,31.893043518066406,0.0011328045162372
3,15,781,0.0006865300820209,0.0006865300820209,0.0007239819969981,0.0006737450021319,0.0004027787072118,0.0005567038897424,32.004799365997314,0.00060874793562102
3,16,881,0.0006227653939276,0.0006227653939276,0.0005095218657515,0.0004676466924138,0.0004651213821489,0.0006376517703756,32.00131034851074,0.0005405414209234801
3,17,987,0.0005695761647075,0.0005695761647075,0.0006637371261604,0.0004014571604784,0.0009373938664793,0.0002695749572012,31.6596748828888,0.00056834785500536
3,18,1099,0.0004911926225759,0.0004911926225759,0.0005281356861814,0.0013033815193921,0.0006896259146742,0.0003711597528308,31.72395181655884,0.00067669909913088
3,19,1217,0.0005629203515127,0.0005629203515127,0.0007052483269944,0.0007164498674683,0.0005291186971589,0.0005683326162397,31.69184756278992,0.0006164139718747999
3,20,1341,0.000571965938434,0.000571965938434,0.0002672745031304,0.0004853055579587,0.0005100145353935,0.0005187761271372,31.67181277275085,0.00047066733241075997
4,2,33,0.101283811032772,0.101283811032772,0.0980706959962844,0.1590917855501175,0.1567999720573425,0.0936159417033195,27.026704788208008,0.12177244126796719
4,3,61,0.0472957603633403,0.0472957603633403,0.0508241802453994,0.1186921447515487,0.076033242046833,0.0280908737331628,36.57458853721619,0.06418724022805684
4,4,97,0.015663918107748,0.015663918107748,0.024713572114706,0.0112853571772575,0.0338186956942081,0.0391628891229629,36.018903970718384,0.024928886443376496
4,5,141,0.0034611169248819,0.0034611169248819,0.0180034860968589,0.0018009850755333,0.0059782448224723,0.0125788217410445,35.303303956985474,0.008364530932158179
4,6,193,0.0019468193640932,0.0019468193640932,0.0020978995598852,0.0012826902093365,0.007801866158843,0.0051308018155395,35.81623125076294,0.0036520154215394797
4,7,253,0.0009565174696035,0.0009565174696035,0.0075092143379151,0.0009048516512848,0.0070429854094982,0.0011763501679524,36.00103402137756,0.0035179838072508006
4,8,321,0.0012359133688732,0.0012359133688732,0.0008797521004453,0.0008350402349606,0.004057717975229,0.0010257078101858,35.84267735481262,0.00160682629793878
4,9,397,0.0003263622929807,0.0003263622929807,0.0008464134880341,0.0022780592553317,0.001320700161159,0.0004072702722623,35.163421630859375,0.00103576109395356
4,10,481,0.0014642165042459,0.0014642165042459,0.0005116545944474,0.0007132536848075,0.0003920964081771,0.0005859815864823,35.96737861633301,0.00073344055563204
4,11,573,0.0008690540562383,0.0008690540562383,0.0009225194226019,0.0004329032381065,0.0005098084802739,0.0003607749531511,35.7004919052124,0.00061901203007434
4,12,673,0.0008697846787981,0.0008697846787981,0.0016444479115307,0.0001677645632298,0.0002401795791229,0.0008792727603577,35.88408398628235,0.00076028989860784
4,13,781,0.0004491508880164,0.0004491508880164,0.0002985340252052,0.00034332278301,0.0003406677569728,0.000303278415231,35.93162178993225,0.00034699077368708
4,14,897,0.0005246847285889,0.0005246847285889,0.0002800959337037,0.0002792728191707,0.0003398783446755,0.0001884140074253,35.9971342086792,0.00032246916671282
4,15,1021,0.0002913842909038,0.0002913842909038,0.0003813669318333,0.0002330173301743,0.0002557220286689,0.0008180188597179,35.50875735282898,0.00039590188825964004
4,16,1153,0.0002138449053745,0.0002138449053745,0.0002590447256807,0.0003044269979,0.0003277764772064,0.0003179711638949,35.63150382041931,0.0002846128540113
4,17,1293,0.0002178851718781,0.0002178851718781,0.0005536726093851,0.000414074427681,0.0006066468777135,0.000225937605137,34.933571577072144,0.00040364333835893996
4,18,1441,0.0002672848931979,0.0002672848931979,0.0003178917104378,0.0004237086977809,0.0002683970960788,0.0001518421195214,35.01757097244263,0.00028582490340336
4,19,1597,0.0004371986433397,0.0004371986433397,0.000372724753106,0.000777083041612,0.0003098642919212,0.0002177501155529,35.148396253585815,0.00042292416910636
4,20,1761,0.0001473864977015,0.0001473864977015,0.0002511973434593,0.0003832522488664,0.0002382807724643,0.0003181032079737,35.79117012023926,0.00026764401409304
5,2,39,0.0964992940425872,0.0964992940425872,0.0974724367260932,0.0776440650224685,0.1046141535043716,0.1714543253183365,33.59073758125305,0.1095368549227714
5,3,73,0.0784258693456649,0.0784258693456649,0.0430640876293182,0.0668773129582405,0.0251119546592235,0.1126497387886047,36.618751525878906,0.06522579267621036
5,4,117,0.0424657426774501,0.0424657426774501,0.0102082286030054,0.0126168001443147,0.0160216353833675,0.0362553857266902,39.50744009017944,0.02351355850696558
5,5,171,0.0025746047031134,0.0025746047031134,0.0048806937411427,0.0045257196761667,0.0024413890205323,0.0026857762131839,38.67899441719055,0.0034216366708278005
5,6,235,0.0046198451891541,0.0046198451891541,0.0132035203278064,0.0068655400536954,0.0028910338878631,0.0014907163567841,39.4025673866272,0.005814131163060621
5,7,309,0.000837814877741,0.000837814877741,0.0004090068105142,0.0005466268630698,0.0011910849716514,0.0010060383938252,39.832398414611816,0.00079811438336032
5,8,393,0.0008268126985058,0.0008268126985058,0.0010476646712049,0.0008271067636087,0.0013943468220531,0.0004473385051824,39.54437351226807,0.00090865389211098
5,9,487,0.000334289507009,0.000334289507009,0.0003850602370221,0.0004841885529458,0.0003287472063675,0.0020127608440816,39.67058205604553,0.0007090092694852
5,10,591,0.0003675411862786,0.0003675411862786,0.0004405046347528,0.0026216332335025,0.0003398195258341,0.0002414087357465,39.94802284240723,0.0008021814632229
5,11,705,0.000213691528188,0.000213691528188,0.0008981717401184,0.0002910053590312,0.0004631391493603,0.0004868666583206,39.37136316299439,0.0004705748870037
5,12,829,0.0004335073172114,0.0004335073172114,0.0003082931507378,0.0004274228704161,0.000803708913736,0.0005582235753536,39.39532971382141,0.00050623116549098
5,13,963,0.0002550389617681,0.0002550389617681,0.0008085379377007,0.0006269108271226,0.0001724102912703,0.000308004382532,39.7238917350769,0.00043418048007874005
5,14,1107,0.0004955155891366,0.0004955155891366,0.0002582488232292,0.0002159629220841,0.0002877958468161,0.0006327921291813,38.88258910179138,0.00037806306208945997
5,15,1261,0.0001544130791444,0.0001544130791444,0.0003415707324165,0.0002301993372384,0.0001983280671993,0.0002115510724252,38.84017539024353,0.00022721245768475996
5,16,1425,0.0001220630801981,0.0001220630801981,0.0001733585668262,0.0002217560395365,0.0032310956157743,0.0002209161175414,38.87085556983948,0.0007938378839752999
5,17,1599,0.000339891121257,0.000339891121257,0.0002985867322422,0.0002935558441095,0.0002546008618082,0.0001917600166052,39.695430755615234,0.0002756789152044201
5,18,1783,0.0002194002881878,0.0002194002881878,0.0001101528978324,0.0001140464955824,0.0001890585408546,0.0002734133740887,38.71035981178284,0.00018121431930918
5,19,1977,0.0001867972605396,0.0001867972605396,0.0011825264664366,0.0002271733392262,0.0001278487470699,0.0003394824743736,39.31045889854431,0.00041276565752917997
5,20,2181,0.0003689201257657,0.0003689201257657,0.0002575177932158,0.0003834344679489,0.0002974399831146,0.0004393958370201,39.90236449241638,0.00034934164141302
6,2,45,0.176396831870079,0.176396831870079,0.0862817764282226,0.1025493070483207,0.0920056253671646,0.0956974625587463,41.38271760940552,0.11058620065450664
6,3,85,0.1165003776550293,0.1165003776550293,0.0279006212949752,0.0221302304416894,0.0690226405858993,0.0248304922133684,40.30590629577637,0.052076872438192326
6,4,137,0.0128577761352062,0.0128577761352062,0.0426747314631938,0.0059034745208919,0.0283032711595296,0.0063141267746686,42.28631258010864,0.01921067601069802
6,5,201,0.0148423118516802,0.0148423118516802,0.0049759550020098,0.0107953120023012,0.0026092487387359,0.0013623705599457,42.42680835723877,0.006917039630934561
6,6,277,0.0044008018448948,0.0044008018448948,0.0056194444186985,0.000828590884339,0.0010273926891386,0.0019017822341993,43.50041222572327,0.00275560241425404
6,7,365,0.0004919652710668,0.0004919652710668,0.0007550938171334,0.0006123466300778,0.0009508212679065,0.0009979745373129,42.81763195991516,0.0007616403046994799
6,8,465,0.0006465201731771,0.0006465201731771,0.0003033012908417,0.000330490496708,0.0025879854802042,0.0063624866306781,42.43979573249817,0.00204615681432182
6,9,577,0.0012091147946193,0.0012091147946193,0.0011128146434202,0.0006328025483526,0.0008569121710024,0.0005526495515368,42.71771097183228,0.00087285874178626
6,10,701,0.000486009317683,0.0003928059595637,0.0014041195390745,0.0002923292049672,0.0003591940912883,0.0006236242479644,42.68365955352783,0.00061441460857162
6,11,837,0.001093802624382,0.0012924766633659,0.0003004210884682,0.0003988166281487,0.0002717656607273,0.0010561550734564,42.72585320472717,0.0006639270228333
6,12,985,0.0010158006334677,0.0010158006334677,0.0001993656915146,0.0001071650112862,9.41908365348354e-05,0.000479992449982,43.35583305358887,0.00037930292455706706
6,13,1145,0.0008238552836701,0.0008238552836701,0.000189297759789,0.0002790004364214,0.0007937199552543,0.0003919780428986,43.02412962913513,0.00049557029560668
6,14,1317,0.0001343585900031,0.0001343585900031,0.0007909536361694,0.0001699508138699,0.0008388786809518,6.080823368392885e-05,42.72552490234375,0.00039898999093562575
6,15,1501,0.000387758744182,0.000387758744182,0.0002864944399334,0.0002655321150086,0.0001476492470828,0.0008859496447257,42.68329405784607,0.0003946768381865
6,16,1697,6.986995867919177e-05,6.986995867919177e-05,0.0001108631768147,0.0003359614638611,0.0002199791342718,0.000357637181878,42.770718812942505,0.00021886218310095837
6,17,1905,9.306812717113644e-05,9.306812717113644e-05,0.0003675437765195,0.0001160195242846,0.0003178724728059,0.0002777717309072,42.64656686782837,0.00023445512633766727
6,18,2125,0.00012585541117,0.00012585541117,0.0001885456586023,0.000177211331902,0.0006209908169694,0.0003009391366504,42.701303482055664,0.00028270847105882
6,19,2357,0.000278091232758,0.000278091232758,0.0002015046629821,0.0001632477942621,0.0001841075572883,0.0001025983001454,42.81296920776367,0.00018590990948718
6,20,2601,9.68985550571233e-05,9.68985550571233e-05,0.0004335927660576,0.0003945212229155,0.0001508458371972,0.0002395804040133,43.08083534240723,0.0002630877570481446
7,2,51,0.0946535468101501,0.0946535468101501,0.1866254359483719,0.1066217720508575,0.1611090153455734,0.0664066150784492,38.15857720375061,0.1230832770466804
7,3,97,0.0705735683441162,0.0705735683441162,0.0239530522376298,0.0571382604539394,0.0424292460083961,0.0689990445971489,47.06779670715332,0.052618634328246074
7,4,157,0.003139411099255,0.003139411099255,0.0389255695044994,0.0768114924430847,0.045885119587183,0.0121405338868498,47.52774095535278,0.03538042530417438
7,5,231,0.0026928025763481,0.0026928025763481,0.0103473030030727,0.018237205222249,0.0017126499442383,0.0029282353352755,46.895973682403564,0.007183639216236722
7,6,319,0.001552275265567,0.001552275265567,0.0026408126577734,0.0007226995658129,0.0018229420529678,0.0005847974680364,47.051562786102295,0.0014647054020315
7,7,421,0.0013435455039143,0.0013435455039143,0.0007521954248659,0.0009578525205142,0.0006590673001483,0.00149841257371,46.82682585716248,0.00104221466463054
7,8,537,0.0012781240511685,0.0012781240511685,0.0013523363741114,0.000769086589571,0.0007341693271882,0.0005004405975341,46.35185432434082,0.00092683138791464
7,9,667,0.0017256770515814,0.0017256770515814,0.0007762970635667,0.0031244535930454,0.0010666964808478,0.0003134816652163,47.4783353805542,0.0014013211708515199
7,10,811,0.0002965648309327,0.0002965648309327,0.0041215745732188,0.0030159063171595,0.001029867795296,0.0003998187021352,46.64774417877197,0.00177274644374844
7,11,969,0.0009922684403136,0.0009922684403136,0.0002736820315476,0.0001952111924765,0.0001280504511669,0.0001775088749127,46.402103424072266,0.00035334419808346
7,12,1141,0.0002893973141908,0.0002893973141908,8.339972555404529e-05,0.0001572601904626,0.0003713059413712,0.0004736935370601,46.31903862953186,0.00027501134172774904
7,13,1327,0.0001672094513196,0.0001672094513196,8.095570956356823e-05,0.000184383126907,0.0006473930552601,0.002803111448884,46.86167073249817,0.0007766105583868536
7,14,1527,0.0002449352759867,0.0002449352759867,0.0005572582012973,0.0002099244302371,0.0014364124508574,0.0053086685948073,46.90622663497925,0.0015514397906371599
7,15,1741,0.0001159104722319,0.0001159104722319,0.0001995315251406,0.0003661771770566,0.0001125029230024,0.0014318360481411,46.583420515060425,0.00044519162911452003
7,16,1969,0.0001171267576864,0.0001171267576864,0.0001807358785299,0.0002532560611143,0.0007512508891522,0.0001180157851194,46.91734647750855,0.00028407707432044003
7,17,2211,0.0002503776631783,0.0002503776631783,0.0002035720099229,0.0008896326180547,7.413735875161365e-05,0.000333399279043,46.69922614097595,0.00035022378579010273
7,18,2467,7.713888771831989e-05,7.713888771831989e-05,0.0010158396326005,0.0002096420357702,0.0001947358978213,0.0001188628230011,46.8565993309021,0.00032324385538228396
7,19,2737,0.0002320186758879,0.0002320186758879,0.0003813821240328,0.0001720284344628,0.0002956776588689,0.0001134398262365,46.65291142463684,0.00023890934389778
7,20,3021,9.466681513004004e-05,9.466681513004004e-05,8.232807158492506e-05,0.0002858277002815,0.0001677363325143,0.0009302488178946,46.25737810134888,0.000312161547481073
8,2,57,0.1157315373420715,0.1157315373420715,0.1005835309624672,0.0978389158844947,0.1336055994033813,0.1463631093502044,48.09297275543213,0.11882453858852382
8,3,109,0.1152186319231987,0.1152186319231987,0.0713006854057312,0.0671208500862121,0.0111205922439694,0.0310302134603261,50.45061850547791,0.059158194623887495
8,4,177,0.0058404048904776,0.0058404048904776,0.0217257663607597,0.0232052933424711,0.0192153118550777,0.0478704273700714,50.289393186569214,0.0235714407637715
8,5,261,0.0182298310101032,0.0182298310101032,0.0039148982614278,0.017051612958312,0.0037575939204543,0.0114481169730424,50.84602332115173,0.010880410624667939
8,6,361,0.000966485007666,0.000966485007666,0.0034316801466047,0.0037164820823818,0.0010511020664125,0.0012338493252173,51.05442810058594,0.0020799197256564602
8,7,477,0.0088369697332382,0.0088369697332382,0.008183061145246,0.0148736191913485,0.005539592821151,0.000660921621602,51.41055417060852,0.007618832902517141
8,8,609,0.0003190166316926,0.0003190166316926,0.0017005970003083,0.0020295798312872,0.0011173669481649,0.0003091689432039,50.95706534385681,0.00109514587093138
8,9,757,0.0020788388792425,0.0020788388792425,0.0126593839377164,0.0042279819026589,0.0009244459797628,0.0001680539135122,51.261884689331055,0.00401174092257856
8,10,921,0.0003351653576828,0.0003351653576828,0.000331172341248,0.0004017273895442,0.0031052459962666,0.0010916420724242,50.96533632278442,0.0010529906314331598
8,11,1101,0.0006171662826091,0.0006171662826091,0.0002879416861105,0.0001268387859454,0.0004879258631262,0.0017950778128579,50.61666679382324,0.0006629900861298201
8,12,1297,0.0008692480623722,0.0008692480623722,0.0001742657623253,8.787102706264704e-05,7.921222277218476e-05,8.171582157956436e-05,50.11754250526428,0.00025846257922237925
8,13,1509,0.0011523824650794,0.0011523824650794,0.000273996440228,0.0002568202035035,0.0002011527540162,0.0001248477929038,50.63316583633423,0.00040183993114618004
8,14,1737,0.0001041031864588,0.0001041031864588,8.446972060482949e-05,0.0005558594712056,0.0004305324982851,0.0009402261348441,50.44978427886963,0.00042303820227968593
8,15,1981,0.0001191399569506,0.0001191399569506,0.0001959754881681,0.0001942766539286,0.0001800966565497,7.865608495194465e-05,49.281968116760254,0.00015362896810978892
8,16,2241,0.0001950005098478,0.0001950005098478,0.0043591684661805,0.0001641733688302,0.000296607526252,0.0001390555989928,50.23610782623291,0.00103080109402066
8,17,2517,0.0049262759275734,0.0049262759275734,0.0001317336136708,7.646068115718663e-05,0.0007079679053276,0.0004815513966605,50.71455216407776,0.0012647979048778972
8,18,2809,0.0019915490411221,0.0019915490411221,0.0006441270816139,0.0005195859703235,0.000119212338177,0.0001901038049254,50.415674448013306,0.00069291564723238
8,19,3117,7.150896271923557e-05,7.150896271923557e-05,0.0002749227860476,0.0001128381554735,0.000110389686597,3.0004635846125893e-05,50.17172789573669,0.00011993284533669229
8,20,3441,5.443884583655745e-05,5.443884583655745e-05,0.0002719564654398,9.106093784794211e-05,0.0064960420131683,9.912136738421395e-05,50.217921018600464,0.0014025239259353628
9,2,63,0.1041581928730011,0.1041581928730011,0.1921292841434478,0.1962441653013229,0.0791250392794609,0.295449823141098,36.02484202384949,0.17342130094766614
9,3,121,0.0747906565666198,0.0747906565666198,0.0783633217215538,0.0300468187779188,0.0277497041970491,0.0300195459276437,54.69333243370056,0.04819400943815704
9,4,197,0.0209509283304214,0.0209509283304214,0.0651433765888214,0.0260561518371105,0.0124822044745087,0.0379784293472766,54.385536670684814,0.03252221811562772
9,5,291,0.0070184734649956,0.0070184734649956,0.0139477951452136,0.0036479586269706,0.0010565193369984,0.0220631081610918,54.29342699050903,0.009546770947054
9,6,403,0.001844217069447,0.001844217069447,0.0083172768354415,0.001798708573915,0.0052871257066726,0.0032747415825724,54.46770095825195,0.0041044139536097
9,7,533,0.0011249324306845,0.0011249324306845,0.0034612091258168,0.0007284894236363,0.0011896087089553,0.0039205662906169,53.740559101104736,0.00208496119594196
9,8,681,0.0086233457550406,0.0086233457550406,0.0020287304650992,0.0010367898503318,0.0044420240446925,0.000384652375942,54.62550520896912,0.0033031084982212194
9,9,847,0.0002004932757699,0.0002004932757699,0.0006503069307655,0.0002507731842342,0.0023284654598683,0.0003969935351051,54.1696355342865,0.0007654064771486001
9,10,1031,0.0006144949002191,0.0006144949002191,0.0030205966904759,0.0003439930151216,0.0026023448444902,0.0066541754640638,54.7188081741333,0.0026471209828741204
9,11,1233,0.002298928797245,0.002298928797245,0.0001501208898844,0.0005665028002113,0.000979815958999,0.0001857070164987,54.534594774246216,0.0008362150925676802
9,12,1453,0.0003897404239978,0.0003897404239978,0.0019065769156441,0.0005025289719924,0.0004878815962001,0.0028854068368673,55.36150121688843,0.0012344269489403402
9,13,1691,0.0007279603742063,0.0007279603742063,0.0005365058896131,8.173696551239118e-05,0.0006113220006227,0.0002413484035059,54.69373559951782,0.0004397747266920782
9,14,1947,9.19318408705294e-05,9.19318408705294e-05,0.0005365477409213,0.0002963426813948,0.0001426384696969,0.0001533390459371,54.37925052642822,0.00024415995576412586
9,15,2221,0.0007237316458486,0.0007237316458486,0.0001707533228909,0.0002252013364341,0.001209621084854,7.139089575503021e-05,53.98174285888672,0.000480139657156526
9,16,2513,0.0002785310789477,0.0002785310789477,0.0003413441299926,0.0004665940941777,0.000107090032543,0.000207613906241,53.4632842540741,0.00028023464838039996
9,17,2823,0.0003868373751174,0.0003868373751174,0.0024646783713251,0.0013362537138164,0.0001723856694297,0.0003986852825619,53.48647427558899,0.0009517680824500999
9,18,3151,0.0001588701125001,0.0001588701125001,0.0004712032387033,0.0002642550971359,0.0024881118442863,0.0002215528656961,53.606730461120605,0.00072079863166434
9,19,3497,9.318782394984736e-05,9.318782394984736e-05,0.0003057311696466,0.0002304863737663,0.0022021951153874,9.340971155324952e-05,54.49500751495361,0.0005850020388606794
9,20,3861,0.000182901188964,0.000182901188964,4.892254582955502e-05,0.00010068694246,0.0004253620863892,0.0001085771582438,54.08789944648743,0.00017328998437731103
10,2,69,0.0870556086301803,0.0870556086301803,0.0866505578160286,0.1611473709344864,0.1946303248405456,0.0912419036030769,52.30265021324158,0.12414515316486356
10,3,133,0.1514197736978531,0.1514197736978531,0.0868011638522148,0.0503858216106891,0.031317513436079,0.0512121506035327,58.64300298690796,0.07422728464007373
10,4,217,0.0242146905511617,0.0242146905511617,0.0759173035621643,0.0114992754533886,0.0623953491449356,0.0139438640326261,55.76315093040466,0.03759409654885526
10,5,321,0.017646076157689,0.017646076157689,0.0115468623116612,0.004031897522509,0.0026764953508973,0.0021294418256729,58.54999136924744,0.00760615463368588
10,6,445,0.0119342152029275,0.0119342152029275,0.004597641993314,0.0005095713422633,0.0017599536804482,0.0004254771629348,58.33814764022827,0.00384537187637756
10,7,589,0.0046970597468316,0.0046970597468316,0.0009466632036492,0.0020067053847014,0.0005863374099135,0.0005017564399167,58.59087610244751,0.0017477044370024799
10,8,753,0.0003643170348368,0.0003643170348368,0.0015777822118252,0.0089291678741574,0.0024820968974381,0.0051103103905916,59.015482902526855,0.00369273488176982
10,9,937,0.0015271538868546,0.0015271538868546,0.0055098589509725,0.0006909121293574,0.0003205570974387,0.0002359821664867,59.00764846801758,0.0016568928462219802
10,10,1141,0.0001257794356206,0.0001257794356206,0.0015666335821151,0.0090196961537003,0.0015658986521884,0.0002760492207016,58.57462000846863,0.0025108114088652
10,11,1365,0.0005888007581233,0.0005888007581233,0.0014342394424602,0.0001014229928841,0.0006705357809551,0.0003101480542682,58.7004337310791,0.0006210294057381799
10,12,1609,0.0003315783687867,0.0003315783687867,0.0010071243159472,0.009658153168857,0.0001640523696551,0.0001725864567561,58.71724343299866,0.00226669893600042
10,13,1873,0.0009431421640329,0.0009431421640329,0.0005882241530343,0.0010374366538599,0.0005855005583725,0.0004772736574523,58.7814371585846,0.0007263154373503799
10,14,2157,5.1965831517009065e-05,5.1965831517009065e-05,0.0007859179750084,0.0010192079935222,0.001368457567878,9.191768913296984e-05,59.189624071121216,0.0006634934114117157
10,15,2461,0.0007217695238068,0.0007217695238068,0.000559285050258,0.0001285275648115,0.0002673325652722,0.0001468890841351,57.34949493408203,0.00036476075765672
10,16,2785,0.0018837392563,0.0018837392563,0.000790006306488,0.0001722430752124,0.0004770036903209,0.0015228659613057,58.04932951927185,0.0009691716579254
10,17,3129,0.000134446832817,0.000134446832817,0.0004185850266367,0.0054037715308368,0.0005682133487425,6.681586091872305e-05,57.64765167236328,0.0013183665199903445
10,18,3493,0.000310732750222,0.000310732750222,9.101662726607174e-05,0.0011083181016147,8.111444185487926e-05,0.0030788609292358,58.30914807319641,0.0009340085700386902
10,19,3877,0.0001004185323836,0.0001004185323836,7.540922524640337e-05,7.109529542503878e-05,0.0003299590025562,0.000162346943398,57.60398769378662,0.0001478457998018484
10,20,4281,0.0014448628062382,0.0014448628062382,0.0002383119863225,5.678581874235533e-05,0.0001075276450137,0.0003337440139148,58.50223255157471,0.00043624645404631107
1,21,547,0.0180705711245536,0.0120860831812024,0.0180894937366247,0.028696522116661,0.0127051193267107,0.0179295578971505,,0.01790135525166986
1,22,595,0.0140061061829328,0.0100899608805775,0.0258050207048654,0.0146625889465212,0.0128985121846199,0.0154924377799034,,0.01578970409929748
1,23,645,0.0127592366188764,0.0315187387168407,0.0157110318541526,0.0113301957026124,0.0125557025894522,0.0167749810963869,,0.017578129991888958
1,24,697,0.0255839545279741,0.0130418576300144,0.0146239846944808,0.0140388691797852,0.0170345325022935,0.0168646397069096,,0.015120776742696702
1,25,751,0.0315288193523883,0.0319596044719219,0.0103588299825787,0.0309807620942592,0.0286194887012243,0.0266895009204745,,0.02572163723409172
1,26,807,0.0225492976605892,0.0132131781429052,0.0111292963847517,0.036941111087799,0.0078932046890258,0.0183452175930142,,0.01750440157949918
1,27,865,0.0334615297615528,0.010675435885787,0.0166190862655639,0.021038195118308,0.036711361259222,0.0237011216580867,,0.021749040037393523
1,28,925,0.0107567086815834,0.02094610594213,0.0164475049823522,0.0084194857627153,0.0352697968482971,0.0183679204434156,,0.01989016279578204
1,29,987,0.0160688236355781,0.0274063404649496,0.020531129091978,0.0410613492131233,0.018136715516448,0.0246408715844154,,0.026355281174182853
1,30,1051,0.0323846861720085,0.0161936208605766,0.0387259162962436,0.0096473200246691,0.0311689972877502,0.0256241081282496,,0.02427199251949782
2,21,1009,0.0012272670865058,0.0018145365174859,0.0010099194478243,0.0036621813196688,0.0022114836610853,0.001985077606514,,0.0021366397105156603
2,22,1101,0.0021346472203731,0.0058351512998342,0.0012684901012107,0.0032368171960115,0.0018663414521142,0.0028682894539088,,0.00301501790061588
2,23,1197,0.0016077545005828,0.0036700591444969,0.0011066212318837,0.0044586975127458,0.0028883703052997,0.0027463005390018,,0.0029740097466855802
2,24,1297,0.0019923343788832,0.0022117146290838,0.0011556555982679,0.0010051662102341,0.0036490585189312,0.00200278586708,,0.0020048761647193996
2,25,1401,0.0024756749626249,0.0101317027583718,0.0008842051611281,0.0133125660941004,0.0077354917302727,0.0069079281412996,,0.0077943787770345194
2,26,1509,0.0027728877030313,0.0023966587614268,0.0017349787522107,0.0016730447532609,0.002188567770645,0.0021532275481149,,0.00202929551713166
2,27,1621,0.0015016458928585,0.002989059779793,0.0040443236939609,0.0016174218617379,0.0038227231707423,0.0027950348798185,,0.00305371267721052
2,28,1737,0.0013122329255566,0.0056052622385323,0.002263062633574,0.0030728494748473,0.0015531128738075,0.0027613040292635,,0.00305111825000492
2,29,1857,0.0019580072257667,0.0016502474900335,0.0017506986623629,0.0027476353570818,0.0013136419001966,0.0018840461270883,,0.00186925390735262
2,30,1981,0.0017094856593757,0.001347214798443,0.0013494744198396,0.0023656608536839,0.0016700257547199,0.0016883722972124,,0.0016841496247797598
3,21,1471,0.0012786939041689,0.0011612051166594,0.0007673998479731,0.0005012891488149,0.0004738003772217,0.0008364776789676,,0.00074803443392734
3,22,1607,0.0004465311940293,0.0012213726295158,0.0010327702620998,0.0004838372697122,0.0003838505945168,0.0007136723899748,,0.00076710062916388
3,23,1749,0.0006622652290388,0.0006275932537391,0.0003041358431801,0.0004856855375692,0.0006675200420431,0.0005494399811141,,0.0005268749315291199
3,24,1897,0.0005057039670646,0.0003188667469657,0.0004882331413682,0.000491224520374,0.0009441060828976,0.000549626891734,,0.0005584114766679
3,25,2051,0.0018730361480265,0.0004711625515483,0.0010062245419248,0.0006286147981882,0.0005707326345145,0.0009099541348405,,0.00071733773220326
3,26,2211,0.0007900757482275,0.0007997789653018,0.0008821901865303,0.0006422557635232,0.0005399052752181,0.0007308411877602,,0.00071899427566672
3,27,2377,0.0002893352648243,0.0005343953380361,0.0003232870076317,0.0007369675440713,0.0003911696258001,0.0004550309560727,,0.00048817009432238005
3,28,2549,0.000678873504512,0.0005960979033261,0.0003149909898638,0.0005416973144747,0.0004180836549494,0.0005099486734252,,0.00047616370720783997
3,29,2727,0.0005832069437019,0.0007200089748948,0.0005830480949953,0.0007423438364639,0.000505584583152,0.0006268384866416,,0.00063556479522952
3,30,2911,0.0004324545734561,0.0004875737940892,0.0004704503517132,0.0009916346753016,0.0004712239024229,0.0005706674593966,,0.0005983100365847
4,21,1933,0.0002370657603023,0.0004449724219739,0.0004499041824601,0.0002355842298129,7.953994645504281e-05,0.0002894133082008,,0.0002998828177805486
4,22,2113,0.0002689706452656,0.0001643749565118,0.0001949032011907,0.0003423563030082,0.0002780927170533,0.0002497395646059,,0.00024589334847398004
4,23,2301,0.0003108152595814,0.0003513040719553,0.0003673898463603,0.0005279749748297,0.0002303798828506,0.0003575728071155,,0.00036692431662228
4,24,2497,0.0003492154355626,0.0002456583024468,0.0001701149449218,0.0002715049195103,0.0001790036185411,0.0002430994441965,,0.00022187624592329998
4,25,2701,0.0001571603206684,0.0001757239515427,0.0009245498222298,0.0002733435539994,0.0002977215626742,0.0003656998422229,,0.00040740774653380004
4,26,2913,0.0002680744801182,0.0001652886130614,0.00027065249742,0.0001272890804102,0.0004594463098328,0.0002581501961685,,0.00025616533937858
4,27,3133,0.0001585093996254,0.0001612941268831,0.0001514787581982,0.0003144697402603,0.0002041193511104,0.0001979742752155,,0.0002058672503335
4,28,3361,0.0003566078958101,0.0002544610179029,0.000208708574064,0.0002311271528014,0.0002618992293719,0.0002625607739901,,0.00024375134962606
4,29,3597,0.0004562964022625,0.0001344559423159,0.0002625947527121,0.0002921351115219,0.0001512289018137,0.0002593422221252,,0.00021995138609776001
4,30,3841,0.0003828027984127,0.0002644770138431,0.0001495917094871,0.0002438938245177,0.0002337849291507,0.0002549100550822,,0.00022933150641616003
5,21,2395,8.93202523002401e-05,0.0006762650446034,0.0005203494802117,0.0001613577333046,0.0006141402409411,0.0004122865502722,,0.00047687980986660004
5,22,2619,0.0007633553468622,0.0002583187888376,0.0001865483209257,0.0001739617437124,0.0002064031723421,0.000317717474536,,0.00022858990007076
5,23,2853,0.000143958182889,0.000191806568182,0.0001162972475867,0.0002587852650322,0.0001728040078887,0.0001767302543157,,0.00018328466860106
5,24,3097,0.0001382334594381,0.0003143061476293,0.0005713741993531,0.0002558426058385,0.0002816407650243,0.0003122794354567,,0.00034708863066038005
5,25,3351,0.0001638545654714,0.0002381800732109,0.0002211738319601,0.000246998592047,0.0003394394007045,0.0002419292926788,,0.00025754423812025996
5,26,3615,0.000194742140593,7.922617078293115e-05,0.0001115937557187,0.0004841728077735,9.27722649066709e-05,0.0001925014279549,,0.00019205328542734043
5,27,3889,0.0004118138749618,0.0001037204274325,0.0001714826648822,0.0001320320152444,0.000215825959458,0.0002069749883958,,0.00016600721108258002
5,28,4173,0.000188443576917,0.0003062488685827,5.733779471484013e-05,0.0001424332149326,0.0001085926924133,0.0001606112295121,,0.00015504476003110805
5,29,4467,8.102513675112277e-05,0.0001733656827127,0.0002125513419741,0.0001366451615467,0.0001508328859927,0.0001508840417955,,0.00016485582280433998
5,30,4771,0.0002119011041941,0.0001117486535804,0.0004244278534315,0.0001741594314808,0.0002421997487545,0.0002328873582882,,0.00023708460910708
6,21,2857,6.240845686988905e-05,0.0007061207434162,0.0001791971299098,9.82896308414638e-05,0.0001409663673257,0.0002373964656726,,0.0002723940674331528
6,22,3125,8.877006621332839e-05,8.263363997684792e-05,8.114681986626238e-05,0.0007796874269843,9.383613360114396e-05,0.0002252148173283,,0.00025250376755137083
6,23,3405,0.0002140250871889,9.412951476406306e-05,6.680861406493932e-05,0.000230026882491,0.0003181231440976,0.0001846226485213,,0.0001787421607877805
6,24,3697,0.0002365881664445,0.0001249423366971,0.0001626017619855,9.843407315202056e-05,0.000564421119634,0.0002373974915826,,0.0002375593566102441
6,25,4001,8.236792928073555e-05,0.0002021733525907,0.0001024498124024,0.0001250516652362,8.042309491429478e-05,0.0001184931708849,,0.00012571821920569893
6,26,4317,0.0001344666379736,0.0001174478820757,0.0001981675013666,0.0002232265396742,8.221722237067297e-05,0.0001511051566922,,0.0001544328604358746
6,27,4645,6.348434544634074e-05,0.0001193585558212,8.384947432205081e-05,8.92424286575988e-05,0.0001556038332637,0.0001023077275021,,0.00011007240391332992
6,28,4985,0.0005564118037,0.0003051876265089,0.0001725003676256,0.0001614707289263,8.672959666000679e-05,0.0002564600246842,,0.00019646966888100135
6,29,5337,5.699284156435169e-05,0.0001279325806535,0.0001450846466468,9.212303848471493e-05,8.456374052911997e-05,0.0001013393695757,,0.00011020867517796697
6,30,5701,0.0001512942690169,0.000169680948602,0.0001102647001971,0.0001008943945635,5.231551403994672e-05,0.0001168899652839,,0.00011000910453728934
7,21,3319,0.000855658960063,0.0002178282884415,0.0001379188179271,0.0002230969985248,6.547482189489529e-05,0.0002999955773702,,0.00018886290083169904
7,22,3631,0.0001239337289007,7.565806299680844e-05,0.0003030045772902,6.554149149451405e-05,6.35889227851294e-05,0.0001263453566934,,0.00012682768225201038
7,23,3957,0.0001123081892728,0.0009099263697862,0.000159444840392,0.0001126996648963,0.0013007376110181,0.0005190233350731,,0.0006003663642331399
7,24,4297,0.000166036596056,0.0001422834757249,0.0001445779635105,0.001082252128981,0.0001062305818777,0.00032827614923,,0.00036072405986482
7,25,4651,0.000104351718619,0.0001714823010843,0.0003286366409156,0.0001458046463085,8.92601310624741e-05,0.0001679070875979,,0.00018061816139375482
7,26,5019,7.615002687089145e-05,0.0001586433209013,0.0001004768928396,0.0002935909724328,6.703515828121454e-05,0.0001391792742651,,0.00015178512374400293
7,27,5401,7.977872155606747e-05,8.404272375628352e-05,9.961431351257488e-05,0.0001185752189485,0.0001186739318654,0.0001001369819277,,0.00010420863400209169
7,28,5797,0.0003429222560953,4.5668970415135846e-05,0.0001666814059717,0.0001794129202608,8.439701196039096e-05,0.0001638165129406,,0.00012799536430972537
7,29,6207,7.110407022992149e-05,9.969069651560858e-05,0.000269860291155,4.002333298558369e-05,6.040793232386932e-05,0.000108217264642,,0.00011563990352441232
7,30,6631,0.00028817076236,7.692202052567154e-05,5.941520066699013e-05,5.7981636928161606e-05,0.0003264833358116,0.0001617945912585,,0.00013651935703818465
8,21,3781,0.0001700853608781,6.011600635247305e-05,0.0001504897809354,4.906361937173642e-05,0.0001679556880844,0.0001195420911244,,0.0001094334371736819
8,22,4137,4.910846837447025e-05,0.0001829383254516,5.835717820446007e-05,0.0002325352834304,0.0001178655074909,0.0001281609525904,,0.00014397144943355201
8,23,4509,0.0003481928433757,3.05601060972549e-05,0.000107294486952,0.0004324507608544,8.907399751478806e-05,0.0002015144389588,,0.0001721787580754486
8,24,4897,0.0001064317839336,5.677806257153861e-05,0.0001271568326046,7.974334585014731e-05,5.143789167050272e-05,8.430958332610317e-05,,7.988514320457835e-05
8,25,5301,7.401807670248672e-05,6.717050564475358e-05,0.0010072808945551,0.0001321200543316,7.544388063251972e-05,0.0002712066823733,,0.00031064440350745467
8,26,5721,6.031204975442961e-05,8.62924789544195e-05,4.9713959015207365e-05,8.034837810555473e-05,6.292882608249784e-05,6.791913838242181e-05,,6.944055610802024e-05
8,27,6157,8.625912596471608e-05,7.90044286986813e-05,6.508264050353318e-05,9.865160973276944e-05,0.000107057931018,8.721114718355239e-05,,8.740155142730726e-05
8,28,6609,0.0002280119952047,9.314181806985288e-05,0.0001362016919301,0.0001441194326616,0.0001440194319002,0.0001490988739533,,0.00013331624970301057
8,29,7077,7.813992851879448e-05,0.0001066997720045,0.0007890933193266,0.0001133885743911,9.045453771250322e-05,0.0002355552263907,,0.00026703828596508065
8,30,7561,0.000151007232489,5.412669270299375e-05,4.129018634557724e-05,4.4059335778001696e-05,6.939327431609854e-05,7.197534432634711e-05,,5.616896669380367e-05
9,21,4243,0.0001302090240642,0.0003319332317914,0.0005405648844316,0.0001508069544797,0.0001899211638374,0.0002686870517209,,0.0002963826572522
9,22,4643,8.90323644853197e-05,9.97196329990402e-05,0.0001680385757936,4.741232260130346e-05,0.0001815593714127,0.0001171524534584,,0.00012277647125300873
9,23,5061,0.0001318637368967,9.267928544431923e-05,6.0835955082438886e-05,6.944708002265543e-05,5.93948716414161e-05,8.284418581752106e-05,,7.304027560167015e-05
9,24,5497,0.0003008717030752,0.0001168635862995,0.0001777578581823,7.723469025222585e-05,4.9326190492138267e-05,0.0001444108056602,,0.00011311862617727282
9,25,5951,8.742744830669835e-05,4.927038389723748e-05,0.0003582427452784,0.0001626333687454,4.520991205936298e-05,0.0001405567716574,,0.0001511826363275601
9,26,6423,0.0001033749504131,4.837665255763568e-05,5.668996163876727e-05,5.3364561608759686e-05,4.589063246385194e-05,6.153935173642821e-05,,5.317223200108856e-05
9,27,6913,0.0001398215681547,0.0001130887758336,6.863147427793592e-05,0.0001098845459637,0.0003582632634788,0.0001579379255417,,0.0001615611970191472
9,28,7421,0.0001276236143894,9.33780538616702e-05,5.808260539197363e-05,0.0001120500674005,0.0001046143879648,9.914974580169656e-05,,9.345497208412808e-05
9,29,7947,3.804200605372898e-05,5.508347385330126e-05,3.950122118112631e-05,3.221412771381438e-05,5.4374890169128776e-05,4.384314379421994e-05,,4.500337134231813e-05
9,30,8491,4.6194949391065165e-05,3.3924938179552555e-05,3.8780199247412384e-05,3.705731069203466e-05,7.15114947524853e-05,4.549377845251001e-05,,4.5353544264798985e-05
10,21,4705,0.0002773800806608,0.0001298576535191,0.0002269261167384,0.0001161177424364,0.0002092011563945,0.0001918965499498,,0.00017479984380764
10,22,5149,0.0001801617763703,0.0002946083841379,0.000143812780152,4.4799882743973285e-05,3.501012542983517e-05,0.0001396785897668,,0.0001315819524461017
10,23,5613,6.23314845142886e-05,4.062775406055152e-05,0.0004023438086733,0.0001096597115974,4.054900637129322e-05,0.0001311023530433,,0.00014485652674916895
10,24,6097,6.0099901020294055e-05,9.10222006496042e-05,4.2310301068937406e-05,0.0002717399620451,6.478524301201105e-05,0.0001059915215591,,0.00011516984566695052
10,25,6601,0.0001408365496899,0.0003389721969142,0.0001037916226778,7.503900997107849e-05,3.0681301723234355e-05,0.0001378641361952,,0.00013726965349630257
10,26,7125,0.0001110590237658,7.564534462289885e-05,0.0002965984458569,6.663194653810933e-05,5.525089000002481e-05,0.0001210371301567,,0.0001230327514349266
10,27,7669,4.7120902308961377e-05,3.772369382204488e-05,6.639784260187298e-05,4.204235665383749e-05,5.063249045633711e-05,4.8783457168610765e-05,,4.911596814054064e-05
10,28,8233,0.0001235448289662,0.0001082186208805,0.0001638478570384,5.563200829783455e-05,5.469053576234728e-05,0.000101186770189,,9.671515843361636e-05
10,29,8817,3.606330574257299e-05,0.0001069370700861,0.0001080069559975,8.234349661506712e-05,5.713052814826369e-05,7.809627131791786e-05,,8.650286443296974e-05
10,30,9421,6.67212443659082e-05,4.018209074274637e-05,0.0001576180657139,9.049883374245836e-05,7.585213461425155e-05,8.617447383585386e-05,,9.006511972984202e-05
11,2,75,0.0931845158338546,0.1079680100083351,0.1025342568755149,0.1666674166917801,0.0974689424037933,0.1135646283626556,,0.1176406508684158
11,3,145,0.0357455313205719,0.0495488755404949,0.0213408078998327,0.060340903699398,0.0161403715610504,0.0366232980042696,,0.03679885134100912
11,4,237,0.0245914217084646,0.0149893751367926,0.0171862710267305,0.0147300800308585,0.0297476891428232,0.0202489674091339,,0.01938047654926774
11,5,351,0.008439720608294,0.0011452893959358,0.026924604550004,0.0041917776688933,0.0063674775883555,0.0094137739622965,,0.009608584633097019
11,6,487,0.0060773971490561,0.0025017168372869,0.0303435195237398,0.0007862982456572,0.0241068378090858,0.0127631539129652,,0.014100305265746982
11,7,645,0.0009251027368009,0.0005893378984183,0.0012290300801396,0.0029745113570243,0.0005567640764638,0.0012549492297694,,0.00132091852836308
11,8,825,0.0004620101535692,0.000349803129211,0.000508819357492,0.000196580105694,0.0034407963976264,0.0009916018287185,,0.0010975201637483801
11,9,1027,0.0007230445044115,0.0027643169742077,0.000631807022728,0.0005906638107262,0.0005137487314641,0.0010447162087075,,0.0011090505495667
11,10,1251,0.0013329363428056,0.0028662725817412,0.000364816194633,0.0003454187244642,0.0018644086085259,0.001354770490434,,0.0013591373199596597
11,11,1497,0.0002963857259601,0.0017499403329566,0.0017136613605543,0.0002389841683907,0.0016452131094411,0.0011288369394605,,0.00129532718216064
11,12,1765,0.0027050639037042,0.0004433688009157,0.0001843642094172,0.0001660850830376,0.0012533087283372,0.0009504381450824,,0.00059951299335802
11,13,2055,0.0044371201656758,0.000344666885212,0.0034100816119462,0.0004046202811878,0.0013524974929168,0.0019897972873877,,0.0015003327117300998
11,14,2367,0.0061031854711472,0.0008114051888696,0.0010358300060033,0.0001653239742154,0.0003832860966213,0.0016998061473714,,0.0008191302826161999
11,15,2701,0.0005706630181521,0.000380409794161,0.0001701720175333,0.0009362676064483,0.0010323685128241,0.0006179761898238,,0.0006274388241581
11,16,3057,0.0001486345718149,0.0001081481095752,0.0003785227017942,0.0005284697399474,0.0001544447150081,0.000263643967628,,0.00028664584679057996
11,17,3435,0.0004337296704761,0.0004368863592389,7.661458948859945e-05,0.0002569320204202,0.0019215042702853,0.0006251333819818,,0.0006634141242829599
11,18,3835,0.0011008291039615,0.0001447043759981,0.0008581381407566,0.0001854450820246,6.744470738340169e-05,0.0004713122820248,,0.00034540891763750034
11,19,4257,0.000183172916877,0.0003447319031693,9.334476635558532e-05,6.839096022304147e-05,4.1541585233062506e-05,0.0001462364263716,,0.00013884912827051788
11,20,4701,7.206761074485257e-05,0.0002198403381044,8.896885992726311e-05,4.124559563933872e-05,0.0002346741966903,0.0001313593202212,,0.00014321766211650036
11,21,5167,0.0003166813694406,0.0001732218952383,7.890559209045023e-05,9.58920645643957e-05,0.0003697592183016,0.000206892027927,,0.00018493415962434918
11,22,5655,0.0001120253364206,7.199521496659145e-05,0.0002341610670555,0.0001296979608014,7.147488940972835e-05,0.0001238708937307,,0.00012624000519278396
11,23,6165,0.0001092540333047,0.0001204528962261,0.0001286835613427,8.748801337787881e-05,6.074275370338e-05,0.0001013242515909,,9.973829524819178e-05
11,24,6697,8.000977686606348e-05,6.913728429935873e-05,0.0002476661175023,0.0001891972351586,4.368318332126364e-05,0.0001259387194295,,0.0001351245079422045
11,25,7251,0.0001322526804869,9.002797014545649e-05,0.0009831702336668,6.864024180686101e-05,9.604574734112248e-05,0.0002740273746894,,0.00030238231352992795
11,26,7827,0.0001620067632757,8.910430915420875e-05,0.0005892427871003,4.429041655384936e-05,9.573943680152296e-05,0.0001960767425771,,0.00020289073843739622
11,27,8425,4.733198875328526e-05,5.156943370820954e-05,7.728749915258959e-05,3.276607458246872e-05,4.949140929966234e-05,5.168928109924309e-05,,5.256073956843466e-05
11,28,9045,6.734532507834956e-05,3.7317968235583976e-05,6.225708784768358e-05,0.0001153039193013,3.786195884458721e-05,6.401725186151452e-05,,6.335163721813386e-05
11,29,9687,5.4124797316035256e-05,2.3787340978742577e-05,4.090842048753984e-05,6.172259600134566e-05,2.6798155886353925e-05,4.146826213400345e-05,,3.8936955097597095e-05
11,30,10351,3.347046367707662e-05,3.80437086278107e-05,4.568107760860585e-05,5.663876800099388e-05,3.6452496715355664e-05,4.2057302925968544e-05,,4.377467077574692e-05
12,2,81,0.0913561135530471,0.2954813838005066,0.1319499611854553,0.0771128386259079,0.1048446968197822,0.1401489987969398,,0.14990757584571837
12,3,157,0.0439886972308158,0.06618083268404,0.0387165360152721,0.0671498328447341,0.0616144947707653,0.0555300787091255,,0.0578383550047874
12,4,257,0.0109614990651607,0.0090689994394779,0.0188048146665096,0.0462471842765808,0.0027926433831453,0.0175750281661748,,0.01889773398637768
12,5,381,0.009544420056045,0.0009413003572262,0.0046761836856603,0.02102617546916,0.008290559053421,0.0088957277243025,,0.008765989257953999
12,6,529,0.004912981763482,0.015764070674777,0.0058362539857625,0.0018816222436726,0.0055913091637194,0.0067972475662827,,0.00717410072684284
12,7,701,0.0015904414467513,0.0037997290492057,0.0017780932830646,0.0056305658072233,0.0022381637245416,0.0030073986621573,,0.0032907901052385002
12,8,897,0.0015777914086356,0.0037861759774386,0.0004008338437415,0.000338515790645,0.0030882216524332,0.0018383077345788,,0.0018904109997674198
12,9,1117,0.000392818939872,0.0019189823651686,0.0003426905313972,0.0004819551249966,0.0013857160229235,0.0009044325968716,,0.0010067553282715
12,10,1361,0.0015711551532149,0.004828960634768,0.0043362560681998,0.0001045545068336,0.0008454198250547,0.0023372692376142,,0.00249049205449406
12,11,1629,0.0029397991020232,0.0020425983238965,0.0016338872956112,0.0004903387743979,0.0005713251885026,0.0015355897368863,,0.0012547478638588998
12,12,1921,0.0033876311499625,0.0002188545768149,0.002681843470782,0.0005281260819174,0.0023907909635454,0.0018414492486044,,0.00153221286833282
12,13,2237,0.0002260774053866,0.0001880391209851,0.0001637652458157,0.0005426720017567,0.0009058731375262,0.000405285382294,,0.00044112697767554004
12,14,2577,0.0002338719496037,0.0001786861539585,0.0005217652651481,0.000530918710865,0.0001875434973044,0.0003305571153759,,0.00034989414853038
12,15,2941,0.000190476552234,0.0012637581676244,0.0011024925624951,0.0009516914142295,0.0034076976589858,0.0013832232711138,,0.0016217726148897201
12,16,3329,0.0005015531205572,7.237114186864346e-05,0.0001665677555138,0.0001218246106873,0.0002789875143207,0.0002282608285895,,0.00017360237019598871
12,17,3741,7.657751848455518e-05,0.0001648035977268,0.000532251491677,0.0005169978830963,5.498535028891638e-05,0.0002691231682547,,0.00030763229820874325
12,18,4177,0.001125932787545,0.0001773518306436,9.595045412424952e-05,0.0001680089189903,0.0002143025340046,0.0003563093050615,,0.00020238460856484989
12,19,4637,9.539497114019468e-05,7.692100916756317e-05,0.0001269836357096,0.0001055247921613,3.985149305663072e-05,8.893518024706281e-05,,8.764322206843135e-05
12,20,5121,0.0001345431955996,0.0032397150062024,5.040852192905732e-05,8.475912181893364e-05,0.0001782269391696,0.0007375305569439,,0.000858128029212778
12,21,5629,0.0012706462293863,0.0007458181353285,0.0001668258046265,7.01999815646559e-05,9.773168858373538e-05,0.0004702443678979,,0.00031016399560025823
12,22,6161,0.0001208159301313,8.887530566425994e-05,5.4393574828282e-05,0.0003000996657647,3.100405228906311e-05,0.0001190377057355,,0.00011868206085636102
12,23,6717,0.0002480455150362,8.136949327308685e-05,7.755394472042099e-05,0.0002241983747808,8.22418587631546e-05,0.0001426818373147,,0.00012160910177043249
12,24,7297,0.000161537725944,0.0002781141083687,6.35004325886257e-05,6.219268107088283e-05,3.280596138210967e-05,0.0001196301818708,,0.00011124867305622363
12,25,7901,8.27198673505336e-05,0.0001455508900107,0.000229683224461,6.770051550120115e-05,5.14281855430454e-05,0.0001154165365733,,0.00012195587041784932
12,26,8529,3.845936953439377e-05,6.148790998850018e-05,5.7254550483776256e-05,5.120346395415254e-05,0.0001036183602991,6.240473085199483e-05,,6.719380311550476e-05
12,27,9181,0.0004479564086068,5.356808105716482e-05,9.505492926109582e-05,3.6292905861046165e-05,4.014579099020921e-05,0.0001346036231552,,7.19330660649432e-05
12,28,9857,3.194840610376559e-05,0.0002350363502046,5.780321225756779e-05,4.081496081198566e-05,3.606507016229443e-05,8.033359990804456e-05,,9.001063866889849e-05
12,29,10557,4.476744288695045e-05,5.069864346296527e-05,0.0003812143986579,3.621037831180729e-05,8.621289453003556e-05,0.0001198207515699,,0.00013483141330652163
12,30,11281,5.870196764590219e-05,2.92692657239968e-05,5.826488632010296e-05,6.920495798112825e-05,4.672194700106047e-05,5.243260493443813e-05,,5.117873239214532e-05
13,2,87,0.1912993341684341,0.1017226427793502,0.0925786569714546,0.1269848197698593,0.0957005769014358,0.1216572061181068,,0.10772878050804133
13,3,169,0.0459592603147029,0.1576842367649078,0.0345158167183399,0.0278711058199405,0.01903872564435,0.0570138290524482,,0.059224742799997274
13,4,277,0.031183373183012,0.0232826061546802,0.01587999984622,0.0162866786122322,0.0191901586949825,0.0211645632982254,,0.01916080132126806
13,5,411,0.0024237621109932,0.049353253096342,0.0034798586275428,0.0167367085814476,0.0042119501158595,0.015241106506437,,0.017804575385525778
13,6,571,0.0194596778601408,0.0126330628991127,0.0012489109067246,0.0010919769993051,0.0130799328908324,0.0095027123112231,,0.00751131920143958
13,7,757,0.0141818029806017,0.0077690863981842,0.0040285433642566,0.0004744105972349,0.0008905813447199,0.0054688849369995,,0.00372630132827902
13,8,969,0.003583691548556,0.0018492572708055,0.0007505723042413,0.0002872280019801,0.001936703803949,0.0016814905859064,,0.0013010503933764599
13,9,1207,0.0022519736085087,0.0167959090322256,0.0027410911861807,0.0007088816491886,0.0006227006670087,0.0046241112286224,,0.005098538752645199
13,10,1471,0.0001177130106952,0.0004052040749229,0.0052922791801393,0.0002013586199609,0.002765639917925,0.0017564389607287,,0.00208418415073536
13,11,1761,0.0001204876825795,0.000350941059878,0.0027045605238527,0.0006052525714039,0.0034242521505802,0.0014410987976589,,0.0017052210206747402
13,12,2077,0.0036053562071174,3.8930193113628775e-05,0.0026888868305832,0.0003450118820182,0.0088862935081124,0.003112895724189,,0.0030144036276032854
13,13,2419,0.0005962045979686,0.0010293304221704,0.0001420472253812,0.004641362465918,0.000173427091795,0.0013164743606466,,0.0014605283131822401
13,14,2787,0.0012628333643078,0.0050922431983053,0.000111804503831,0.0001134222620748,0.0003498290025163,0.0013860264662071,,0.0014106650865869002
13,15,3181,0.0128298085182905,0.0015058736316859,0.0001282719022128,0.0001653460494708,0.0010984265245497,0.0031455453252419,,0.00120869268663222
13,16,3601,0.0001539645745651,0.0023582850117236,0.0020602354779839,0.000764810363762,0.0014871383318677,0.0013648867519805,,0.00160707118746354
13,17,4047,0.0002274221333209,8.184375474229455e-05,0.0006510364473797,0.0032463087700307,0.0002889364259317,0.000899109506281,,0.0010334469808730789
13,18,4519,0.0001841869961936,0.0002980296849273,0.0003737402730621,0.0004824823117814,0.0001167104128398,0.0002910299357608,,0.00031239852367428
13,19,5017,0.0001772646937752,7.789599476382136e-05,0.0004015367594547,6.122430204413831e-05,0.0005271894624456,0.0002490222424967,,0.00026337375224099195
13,20,5541,0.0001139234009315,0.0022979835048317,0.0001210373447975,8.35292594274506e-05,8.566857286496088e-05,0.0005404284165706,,0.0006257294196984422
13,21,6091,0.0002403902617515,9.4559887656942e-05,0.0002373233146499,0.0010053218575194,5.406898708315566e-05,0.0003263328617322,,0.0003435213817283196
13,22,6667,0.0001423480280209,0.0002129464119207,0.0001448047114536,0.0006508143851533,0.0002381813101237,0.0002778189693344,,0.00030491315759714
13,23,7269,0.0001489259739173,0.0001827863306971,4.7984263801481575e-05,6.889400538057089e-05,3.2794359867693856e-05,9.627698673284612e-05,,8.57471892959385e-05
13,24,7897,0.0001057484405464,0.0005578238051384,0.0005870891618542,6.526124343508855e-05,0.0003944884228985,0.0003420822147745,,0.0003893489696201377
13,25,8551,5.756686732638627e-05,7.564420229755342e-05,6.89064763719216e-05,5.194237019168213e-05,0.0001621157716726,8.323513757204636e-05,,8.83687916211607e-05
13,26,9231,0.0001001823111437,5.6275435781572014e-05,7.755478873150423e-05,5.898681774851866e-05,0.0001997787621803,9.855562311713585e-05,,9.823028551180615e-05
13,27,9937,2.861504253814928e-05,3.029639265150763e-05,0.0001257986732525,0.0002130312786903,0.0001999758242163,0.0001195434422697,,0.0001377291222160615
13,28,10669,1.9301671272842214e-05,0.0002741462667472,5.48351563338656e-05,6.0846516134915873e-05,3.535947689670138e-05,8.889781747711822e-05,,0.00010281704671796022
13,29,11427,5.186796261114068e-05,4.41101256001275e-05,4.877661194768734e-05,3.373188883415423e-05,4.391247784951702e-05,4.447981336852536e-05,,4.300218352000229e-05
13,30,12211,4.159755553700961e-05,4.093716052011587e-05,3.250585723435506e-05,5.894607602385804e-05,1.5581186744384468e-05,3.791356721194461e-05,,3.717676954693161e-05
14,2,93,0.0868455171585083,0.1789381802082061,0.1920124888420105,0.1328576952219009,0.1047832444310188,0.1390874251723289,,0.14953580677509304
14,3,181,0.1732719242572784,0.0742164477705955,0.0645109191536903,0.0658461228013038,0.1556186825037002,0.1066928192973137,,0.09337699830532069
14,4,297,0.0413736067712307,0.1508987843990326,0.0179182235151529,0.0266065169125795,0.018628604710102,0.0510851472616195,,0.05302745535969731
14,5,441,0.0026831936556845,0.0156206814572215,0.0136828077957034,0.0074177491478621,0.0094840656965971,0.0097776995506137,,0.011196600729599559
14,6,613,0.0015561772743239,0.0009861981961876,0.0029274993576109,0.0028174121398478,0.0359679609537124,0.0088510495843365,,0.010310024046339041
14,7,813,0.002025255234912,0.0019633239135146,0.0006740842363797,0.0020900261588394,0.0027551285456866,0.0019015636178664,,0.0018768252944573402
14,8,1041,0.009221700951457,0.0008742081117816,0.0065164691768586,0.0009182192734442,0.0092782098799943,0.0053617614787071,,0.00458977358415716
14,9,1297,0.0082001918926835,0.0017080060206353,0.0016161303501576,0.0016020141774788,0.0038383149076253,0.0033929314697161,,0.00243147938512262
14,10,1581,0.001520125195384,0.0005508612375706,0.0011581334983929,0.0026839321944862,0.0001907975383801,0.0012207699328428,,0.00116089888033452
14,11,1893,0.0007558182114735,0.0001266780745936,0.0013078461633995,0.0028645657002925,0.0169407445937395,0.0043991305486997,,0.005127793016144961
14,12,2233,0.00142567534931,0.0021322956308722,0.0001200310944113,0.0019590174779295,0.002575189108029,0.0016424417321104,,0.0016857950086704803
14,13,2601,0.0007078892667777,0.0002788573619909,0.0002865971764549,0.0024114984553307,0.0002908870228566,0.0007951458566822,,0.00081259717466306
14,14,2997,0.0022361942101269,0.0003099725872743,0.0010381966130807,0.000286059686914,0.0003974786377511,0.0008535803470294,,0.0005770575744099
14,15,3421,0.0003029516956303,0.0001607603917364,0.0002922253333963,0.0002911077463068,7.587853906443343e-05,0.0002245847412268,,0.0002089113503461467
14,16,3873,7.636613008799031e-05,0.0002462630509398,0.0002651876711752,0.0004019561165478,0.0003007261548191,0.000258099824714,,0.00029444656363918005
14,17,4353,0.0012208126718178,0.0012292797910049,0.0001012498250929,0.0002980764838866,0.003037026617676,0.0011772890778956,,0.0011685843591112
14,18,4861,0.0003163097135256,0.0024327598512172,0.0008296536980196,0.0004519023932516,0.0001041609139065,0.0008269573139841,,0.0009290868340757999
14,19,5397,0.0030699889175593,0.0017409167485311,5.674450221704319e-05,9.237149788532406e-05,3.785547596635297e-05,0.0009995754284318,,0.000585492730606324
14,20,5961,3.268762520747259e-05,0.0001378157903673,6.261008093133569e-05,0.0001143923291238,4.805463322554715e-05,7.911209177109413e-05,,8.83969850838154e-05
14,21,6553,0.0001294754911214,0.0001688764168648,7.884485967224464e-05,0.0001000776246655,9.64610735536553e-05,0.0001147470931755,,0.00011180141358633998
14,22,7173,0.0004736440605483,8.410356531385332e-05,7.654586806893349e-05,4.042792716063559e-05,4.1715709812706336e-05,0.0001432874261809,,7.721609930740575e-05
14,23,7821,4.6354001824511215e-05,5.871850953553803e-05,0.0001216569362441,0.000243207992753,0.0011657894356176,0.0003271453751949,,0.0003833036498690276
14,24,8497,8.36709514260292e-05,0.0001057226327247,0.0001789709785953,4.957212877343409e-05,0.0002357703633606,0.000130741410976,,0.0001401555028860068
14,25,9201,4.160364187555388e-05,2.7276821128907613e-05,4.6511177060892805e-05,6.138461321825162e-05,0.0004048434784635,0.0001163239463494,,0.00013126800724419039
14,26,9933,0.0001387326483381,2.5039045794983394e-05,0.0001977280189748,3.854136593872681e-05,3.2382977224187925e-05,8.648481125419493e-05,,7.603524383737862e-05
14,27,10693,3.390293932170607e-05,0.0001391912228427,6.549564568558708e-05,5.569995846599341e-05,4.568191070575267e-05,6.79943354043644e-05,,7.48126146208795e-05
14,28,11481,3.16378973366227e-05,0.0001067235498339,7.126216223696247e-05,5.6947392295114696e-05,3.10731447825674e-05,5.9528829297050834e-05,,6.510701568911908e-05
14,29,12297,4.808304220205173e-05,0.0001368229277431,7.52300038584508e-05,7.185919093899429e-05,3.2685922633390874e-05,7.293621747521684e-05,,7.790685252983055e-05
14,30,13141,3.951007965952158e-05,3.2989752071443945e-05,5.8709574659587815e-05,4.947768684360199e-05,4.175803769612685e-05,4.448902618605644e-05,,4.548481549136341e-05
15,2,99,0.1167805641889572,0.1883935630321502,0.1944487988948822,0.1688848584890365,0.1608321368694305,0.1658679842948913,,0.17568546831607815
15,3,193,0.0949431881308555,0.0919147729873657,0.0499005019664764,0.0557715520262718,0.0885682925581932,0.0762196615338325,,0.07247495621442793
15,4,317,0.0088885659351944,0.0250264815986156,0.014065851457417,0.1148407906293869,0.0161383915692567,0.0357920162379741,,0.04117270629853006
15,5,471,0.004069035872817,0.006970671005547,0.0073975049890577,0.0180928707122802,0.0025954996235668,0.0078251164406538,,0.0085763325542211
15,6,655,0.0019486325327306,0.0087159080430865,0.0120494440197944,0.0117790764197707,0.0055191656574606,0.0080024453345686,,0.00921320789493616
15,7,869,0.0009400009876117,0.0348022729158401,0.0229736324399709,0.0017229408258572,0.005443659145385,0.013176501262933,,0.015623801317997241
15,8,1113,0.0026836653705686,0.0002880314423236,0.0017893265467137,0.0006666991394013,0.028784004971385,0.0068423454940784,,0.0076740815187804
15,9,1387,0.0069568185135722,0.0006782288546673,0.0009606044623069,0.0003303814737591,0.0011797854676842,0.002021163754398,,0.0010340328025631
15,10,1691,0.0011960704578086,0.0004180249234195,0.0008575716638006,0.0048472839407622,0.001981867942959,0.00186016378575,,0.00199298245133826
15,11,2025,0.0031765184830874,0.0007330673397518,0.0001006500824587,0.0006410491187125,0.0004946520202793,0.0010291874088579,,0.00059972119401204
15,12,2389,0.0040052304975688,0.0008601834997534,0.0001397455052938,0.005885015707463,0.0006420507561415,0.0023064451932441,,0.00196668813237916
15,13,2783,0.0004010320408269,0.0001101851157727,0.0004654939111787,0.0011750373523682,0.0010721184080466,0.0006447733656386,,0.00069352163060096
15,14,3207,0.0001342731702607,0.0008728817338123,0.0002803923562169,0.0016795888077467,0.0021369906608015,0.0010208253457676,,0.0011981357808689998
15,15,3661,0.0004143599362578,9.712053724797444e-05,0.00056223210413,0.0053399363532662,0.0015479966532438,0.0015923291168292,,0.0018279229529434352
15,16,4145,0.0003319135284982,0.0003710303280968,0.0061565511859953,0.0012300453381612,0.0001065165488398,0.0016392113859183,,0.0019006709574022798
15,17,4659,0.0003475038392934,0.000445504381787,0.0001772153627825,0.0026415241882205,0.0003056549467146,0.0007834805437596,,0.0008706758846528401
15,18,5203,8.603118476457894e-05,7.031177665339783e-05,0.0027419773396104,0.0012902981834486,0.0003666749107651,0.0009110586790484,,0.0010760641779051796
15,19,5777,0.0002708628016989,0.0010428118985146,0.0002026063157245,0.0001952941820491,2.2712241843692027e-05,0.0003468574879661,,0.0003620564252195984
15,20,6381,7.94188235886395e-05,7.655055378563702e-05,6.499019218608737e-05,0.0005707718082703,5.604487523669377e-05,0.0001695552506134,,0.00018758253601842362
15,21,7015,7.657684909645468e-05,0.0001558656949782,5.334898742148653e-05,6.665011460427195e-05,0.0001084068935597,9.216970793204382e-05,,9.528827969914046e-05
15,22,7679,8.722246275283396e-05,7.488484698114917e-05,0.0001077595443348,7.332357199629769e-05,2.982715341204312e-05,7.46035158954328e-05,,7.207972652394456e-05
15,23,8373,0.000210920756217,6.048784052836709e-05,5.081401104689576e-05,0.0002386774140177,0.0008541161078028,0.0002830032259225,,0.0002974197198636525
15,24,9097,9.575205331202596e-05,0.0001293865643674,4.50025727332104e-05,5.600135773420334e-05,0.0005829211440868,0.0001818127384467,,0.00019902487547366273
15,25,9851,4.0798375266604125e-05,0.0002562962472438,0.0005565308965742,7.072546577546746e-05,4.8149406211450696e-05,0.0001945000782143,,0.00022524041880384363
15,26,10635,0.0001233234070241,0.0001998548832489,4.756904309033416e-05,0.0001130354066845,3.943061528843828e-05,0.0001046426710672,,0.0001009065238758745
15,27,11449,5.148783748154528e-05,5.683647395926528e-05,4.6227462007664144e-05,3.922241376130842e-05,2.472857704560738e-05,4.37005528510781e-05,,4.2143095924984664e-05
15,28,12293,8.616880950285122e-05,6.0677102737827227e-05,4.662327773985453e-05,6.084555934648961e-05,0.0001280969590879,7.648234168300405e-05,,7.454504811901508e-05
15,29,13167,3.211932926205918e-05,4.3738869862863794e-05,4.214590808260255e-05,2.066397792077624e-05,7.894994632806629e-05,4.352360629127361e-05,,4.580446169711649e-05
15,30,14071,4.000513217761181e-05,0.0001526665437268,1.7422944438294508e-05,2.998526906594634e-05,3.0128427169984207e-05,5.404166331572924e-05,,5.684896954335086e-05
